class,Meditation,Yoga
Obsessive-Compulsive Disorder (OCD),Mindfulness meditation can help individuals with OCD become more aware of their thoughts without judgment. This practice encourages observing obsessive thoughts without getting entangled in them. Deep-breathing exercises can also be beneficial.,"Child's pose, Cat-cow. These gentle yoga poses may promote relaxation and help release tension. Incorporating breath awareness during these poses can enhance the calming effect."
Acute Stress Disorder,Guided relaxation meditation or body scan meditation can help reduce stress and promote a sense of calm. Focusing on the breath and progressive muscle relaxation can contribute to a more grounded state.,"Legs up the wall, Corpse pose. These restorative yoga poses may aid in stress reduction and help the nervous system relax. Incorporating gentle twists and forward bends can release tension in the body."
Depressive Disorder,"Loving-kindness meditation and mindfulness meditation may help in managing depressive symptoms. These practices foster self-compassion and present-moment awareness, providing emotional support.",Sun salutations and gentle yoga sequences can contribute to an improved mood. Backbends and heart-opening poses can be particularly beneficial for uplifting the spirit.
Behavioral Addiction Disorder,Mindfulness meditation is useful for increasing awareness around addictive behaviors and breaking habitual patterns. Practicing non-judgmental observation of cravings and urges can be part of the meditation.,Dynamic and engaging yoga practices can help redirect attention away from addictive behaviors. Incorporating challenging poses and flows may provide a healthy outlet for physical and mental energy.
Social Anxiety Disorder,"Loving-kindness meditation and breath-focused meditation can promote relaxation and ease social anxiety. These practices encourage self-acceptance and compassion, reducing self-critical thoughts.",Gentle yoga poses and gradual exposure to group classes may help individuals feel more comfortable in social settings. Focusing on grounding poses and incorporating breath awareness can enhance the sense of security during yoga practice.
Panic Disorder,Deep-breathing exercises and focused breath meditation can help manage panic symptoms. Introducing diaphragmatic breathing and guided imagery may aid in regulating the nervous system.,"Slow, controlled yoga poses and pranayama (breath control) can be beneficial for managing panic disorder. Gentle forward bends and calming poses can provide a sense of stability and relaxation."
Schizophrenia,Mindfulness meditation and guided visualization can assist in grounding and reducing stress. These practices can enhance self-awareness and emotional regulation.,"Simple and repetitive yoga poses, along with breath awareness, may help individuals with schizophrenia maintain a sense of stability. Incorporating meditation into yoga practice can further support mental focus."
Adjustment Disorder,Mindfulness meditation and progressive muscle relaxation can help cope with life changes. These practices foster adaptability and acceptance of the present moment.,"Gentle and grounding yoga practices, such as seated poses and hip openers, can provide stability during adjustment periods. Slow, intentional movements and breath awareness may contribute to a sense of balance."
Bipolar Disorder,Mindfulness meditation and meditation on breath can help with emotional regulation. These practices encourage self-awareness and may assist in managing mood swings.,"Balancing and grounding yoga poses, such as tree pose and mountain pose, can be beneficial for individuals with bipolar disorder. Incorporating invigorating sequences during stable periods and gentle poses during mood fluctuations may support overall well-being."
Posttraumatic Stress Disorder (PTSD),Mindfulness meditation and loving-kindness meditation can help process traumatic experiences. These practices promote self-compassion and acceptance of difficult emotions.,"Trauma-informed yoga practices, under the guidance of a trained instructor, can be beneficial for individuals with PTSD. Emphasizing safety, choice, and empowerment, these practices may contribute to a sense of control and healing."
Alcohol Use Disorder,Mindfulness meditation and body scan meditation can help increase awareness around triggers and cravings. These practices foster self-reflection and may aid in developing healthier coping mechanisms.,"Restorative and calming yoga practices, including gentle stretches and supported poses, may contribute to stress reduction and relaxation. Focusing on breath awareness and cultivating a mindful approach to movement can support individuals in their recovery journey."
